command,mean,stddev,median,user,system,min,max
./diffusion -d0.6 -n200,0.31414735769333335,0.013681345592285898,0.32108796136,0.09480696,0.22004852,0.29838680636,0.32296730536
